"""'Job""","""'Workflow""","""'Failure rate""","""'Avg run time""","""'Avg queue time""","""'Runner type""","""'Runner labels""","""'Job runs"""
"""'smoke""","""'.github/workflows/dd_smoke.yml""",0.02121876240200824,20300,1447,"""'hosted""","""'ubuntu-latest""",52
"""'smoke""","""'.github/workflows/dd_smoke.yml""",0.021322878674445715,20129,1563,"""'hosted""","""'ubuntu-latest""",52
"""'smoke""","""'.github/workflows/dd_smoke.yml""",0.026230338689388764,20431,1453,"""'hosted""","""'ubuntu-latest""",55
"""'smoke""","""'.github/workflows/dd_smoke.yml""",0.026187434941324528,20140,1702,"""'hosted""","""'ubuntu-latest""",58
"""'smoke""","""'.github/workflows/dd_smoke.yml""",0.027983426882835036,20323,1587,"""'hosted""","""'ubuntu-latest""",55
"""'smoke""","""'.github/workflows/dd_smoke.yml""",0.026618588223711038,20346,1622,"""'hosted""","""'ubuntu-latest""",58
"""'smoke""","""'.github/workflows/dd_smoke.yml""",0.022520016863957285,20148,1773,"""'hosted""","""'ubuntu-latest""",48
"""'smoke""","""'.github/workflows/dd_smoke.yml""",0.022227092941072325,20592,1686,"""'hosted""","""'ubuntu-latest""",59
"""'smoke""","""'.github/workflows/dd_smoke.yml""",0.03321144337008887,20557,1510,"""'hosted""","""'ubuntu-latest""",54
"""'smoke""","""'.github/workflows/dd_smoke.yml""",0.02812706471252297,20486,1453,"""'hosted""","""'ubuntu-latest""",55
"""'smoke""","""'.github/workflows/dd_smoke.yml""",0.025679809539563555,20696,1440,"""'hosted""","""'ubuntu-latest""",46
"""'smoke""","""'.github/workflows/dd_smoke.yml""",0.027473976388389713,20582,1477,"""'hosted""","""'ubuntu-latest""",46
"""'smoke""","""'.github/workflows/dd_smoke.yml""",0.02985251378750287,19938,1405,"""'hosted""","""'ubuntu-latest""",47
"""'smoke""","""'.github/workflows/dd_smoke.yml""",0.024969186145889992,20062,1370,"""'hosted""","""'ubuntu-latest""",46
"""'smoke""","""'.github/workflows/dd_smoke.yml""",0.01879884222497276,19666,1519,"""'hosted""","""'ubuntu-latest""",46
"""'smoke""","""'.github/workflows/dd_smoke.yml""",0.026131464778244757,19772,1404,"""'hosted""","""'ubuntu-latest""",48
"""'smoke""","""'.github/workflows/dd_smoke.yml""",0.02581681060673057,19512,1620,"""'hosted""","""'ubuntu-latest""",40
"""'smoke""","""'.github/workflows/dd_smoke.yml""",0.018405416845856264,20124,1473,"""'hosted""","""'ubuntu-latest""",49
"""'smoke""","""'.github/workflows/dd_smoke.yml""",0.01899046503379572,19716,1643,"""'hosted""","""'ubuntu-latest""",47
"""'smoke""","""'.github/workflows/dd_smoke.yml""",0.018778351729295116,19535,1563,"""'hosted""","""'ubuntu-latest""",48
"""'smoke""","""'.github/workflows/dd_smoke.yml""",0.016990242544178184,19978,1641,"""'hosted""","""'ubuntu-latest""",46
"""'smoke""","""'.github/workflows/dd_smoke.yml""",0.013559930722611583,19011,1529,"""'hosted""","""'ubuntu-latest""",53
"""'smoke""","""'.github/workflows/dd_smoke.yml""",0.013046516281691685,19122,1530,"""'hosted""","""'ubuntu-latest""",46
"""'smoke""","""'.github/workflows/dd_smoke.yml""",0.01265308391304978,20046,1635,"""'hosted""","""'ubuntu-latest""",56
"""'smoke""","""'.github/workflows/dd_smoke.yml""",0.005002746464313245,19919,1666,"""'hosted""","""'ubuntu-latest""",50
"""'smoke""","""'.github/workflows/dd_smoke.yml""",0.014843361746453544,20075,1567,"""'hosted""","""'ubuntu-latest""",55
"""'smoke""","""'.github/workflows/dd_smoke.yml""",0.0057894818895932905,19702,1431,"""'hosted""","""'ubuntu-latest""",54
"""'smoke""","""'.github/workflows/dd_smoke.yml""",0.010149150201449993,20186,1391,"""'hosted""","""'ubuntu-latest""",58
"""'smoke""","""'.github/workflows/dd_smoke.yml""",0.022450458908282435,20875,1352,"""'hosted""","""'ubuntu-latest""",52
"""'smoke""","""'.github/workflows/dd_smoke.yml""",0.022121983905293397,20585,1294,"""'hosted""","""'ubuntu-latest""",49
"""'smoke""","""'.github/workflows/dd_smoke.yml""",0.0274369914484293,20431,1422,"""'hosted""","""'ubuntu-latest""",48
"""'smoke""","""'.github/workflows/dd_smoke.yml""",0.02072074498974112,20267,1492,"""'hosted""","""'ubuntu-latest""",52
"""'smoke""","""'.github/workflows/dd_smoke.yml""",0.01830612222437416,20275,1400,"""'hosted""","""'ubuntu-latest""",49
"""'smoke""","""'.github/workflows/dd_smoke.yml""",0.024675666537573013,19723,1233,"""'hosted""","""'ubuntu-latest""",45
"""'smoke""","""'.github/workflows/dd_smoke.yml""",0.027941604740976813,20385,1420,"""'hosted""","""'ubuntu-latest""",45
"""'smoke""","""'.github/workflows/dd_smoke.yml""",0.02905519761954443,20489,1453,"""'hosted""","""'ubuntu-latest""",40
"""'smoke""","""'.github/workflows/dd_smoke.yml""",0.035178967556735045,19675,1668,"""'hosted""","""'ubuntu-latest""",46
"""'smoke""","""'.github/workflows/dd_smoke.yml""",0.028138866828665506,19852,1418,"""'hosted""","""'ubuntu-latest""",41
"""'smoke""","""'.github/workflows/dd_smoke.yml""",0.031705391312697354,19603,1533,"""'hosted""","""'ubuntu-latest""",49
"""'smoke""","""'.github/workflows/dd_smoke.yml""",0.024567429415778507,19563,1723,"""'hosted""","""'ubuntu-latest""",49
"""'smoke""","""'.github/workflows/dd_smoke.yml""",0.11091184042806346,24781,2334,"""'hosted""","""'ubuntu-latest""",77
"""'smoke""","""'.github/workflows/dd_smoke.yml""",0.10744699100570215,24066,2344,"""'hosted""","""'ubuntu-latest""",68
"""'smoke""","""'.github/workflows/dd_smoke.yml""",0.10212878583150214,24822,2296,"""'hosted""","""'ubuntu-latest""",73
"""'smoke""","""'.github/workflows/dd_smoke.yml""",0.10288821961988374,24833,2291,"""'hosted""","""'ubuntu-latest""",79
"""'smoke""","""'.github/workflows/dd_smoke.yml""",0.1011582381756015,24525,2296,"""'hosted""","""'ubuntu-latest""",78
"""'smoke""","""'.github/workflows/dd_smoke.yml""",0.09864922435331452,23875,2135,"""'hosted""","""'ubuntu-latest""",73
"""'smoke""","""'.github/workflows/dd_smoke.yml""",0.10677758930316084,24363,2236,"""'hosted""","""'ubuntu-latest""",75
"""'smoke""","""'.github/workflows/dd_smoke.yml""",0.0954404035577026,25096,2026,"""'hosted""","""'ubuntu-latest""",74
"""'smoke""","""'.github/workflows/dd_smoke.yml""",0.09290266692618858,23974,2140,"""'hosted""","""'ubuntu-latest""",74
"""'smoke""","""'.github/workflows/dd_smoke.yml""",0.08208129695717535,24796,2116,"""'hosted""","""'ubuntu-latest""",69
"""'smoke""","""'.github/workflows/dd_smoke.yml""",0.08686870920225823,24646,2052,"""'hosted""","""'ubuntu-latest""",70
"""'smoke""","""'.github/workflows/dd_smoke.yml""",0.0891740677147667,25341,2112,"""'hosted""","""'ubuntu-latest""",64
"""'smoke""","""'.github/workflows/dd_smoke.yml""",0.08662551766543405,24990,2086,"""'hosted""","""'ubuntu-latest""",67
"""'smoke""","""'.github/workflows/dd_smoke.yml""",0.09696331901320626,25395,2080,"""'hosted""","""'ubuntu-latest""",67
"""'smoke""","""'.github/workflows/dd_smoke.yml""",0.08966474596006738,25507,2172,"""'hosted""","""'ubuntu-latest""",65
"""'smoke""","""'.github/workflows/dd_smoke.yml""",0.09778196720874688,25931,2146,"""'hosted""","""'ubuntu-latest""",60
"""'smoke""","""'.github/workflows/dd_smoke.yml""",0.0928770749154779,25338,2290,"""'hosted""","""'ubuntu-latest""",68
"""'smoke""","""'.github/workflows/dd_smoke.yml""",0.09430828665918316,25506,2195,"""'hosted""","""'ubuntu-latest""",67
"""'smoke""","""'.github/workflows/dd_smoke.yml""",0.0954886513306795,24916,2355,"""'hosted""","""'ubuntu-latest""",65
"""'smoke""","""'.github/workflows/dd_smoke.yml""",0.09793986434992971,25665,2204,"""'hosted""","""'ubuntu-latest""",68
"""'smoke""","""'.github/workflows/dd_smoke.yml""",0.10859397501524927,25007,2241,"""'hosted""","""'ubuntu-latest""",65
"""'smoke""","""'.github/workflows/dd_smoke.yml""",0.0904810632744215,24979,2214,"""'hosted""","""'ubuntu-latest""",68
"""'smoke""","""'.github/workflows/dd_smoke.yml""",0.0940596377085646,25043,2340,"""'hosted""","""'ubuntu-latest""",71
"""'smoke""","""'.github/workflows/dd_smoke.yml""",0.10316199836764416,24481,2226,"""'hosted""","""'ubuntu-latest""",78
"""'smoke""","""'.github/workflows/dd_smoke.yml""",0.10750408766446178,24921,2149,"""'hosted""","""'ubuntu-latest""",73
"""'smoke""","""'.github/workflows/dd_smoke.yml""",0.11211077616166444,25055,2176,"""'hosted""","""'ubuntu-latest""",77
"""'smoke""","""'.github/workflows/dd_smoke.yml""",0.11187600115308892,24780,1945,"""'hosted""","""'ubuntu-latest""",73
"""'smoke""","""'.github/workflows/dd_smoke.yml""",0.10802398938927987,24161,2098,"""'hosted""","""'ubuntu-latest""",75
"""'smoke""","""'.github/workflows/dd_smoke.yml""",0.11504043741989153,24570,2261,"""'hosted""","""'ubuntu-latest""",73
"""'smoke""","""'.github/workflows/dd_smoke.yml""",0.1146615421787152,24823,2124,"""'hosted""","""'ubuntu-latest""",74
"""'smoke""","""'.github/workflows/dd_smoke.yml""",0.10958054319420223,24056,2141,"""'hosted""","""'ubuntu-latest""",68
"""'smoke""","""'.github/workflows/dd_smoke.yml""",0.11224473611720814,24340,2210,"""'hosted""","""'ubuntu-latest""",64
"""'smoke""","""'.github/workflows/dd_smoke.yml""",0.10724107884008538,24989,2272,"""'hosted""","""'ubuntu-latest""",63
"""'smoke""","""'.github/workflows/dd_smoke.yml""",0.10125995129684359,24888,2074,"""'hosted""","""'ubuntu-latest""",64
"""'smoke""","""'.github/workflows/dd_smoke.yml""",0.10556820110317762,25024,2130,"""'hosted""","""'ubuntu-latest""",61
"""'smoke""","""'.github/workflows/dd_smoke.yml""",0.1005530656128934,25558,2303,"""'hosted""","""'ubuntu-latest""",66
"""'smoke""","""'.github/workflows/dd_smoke.yml""",0.09792758232559486,25240,2241,"""'hosted""","""'ubuntu-latest""",64
"""'smoke""","""'.github/workflows/dd_smoke.yml""",0.1032974014301899,25390,2403,"""'hosted""","""'ubuntu-latest""",73
"""'smoke""","""'.github/workflows/dd_smoke.yml""",0.08186778683437484,26087,2261,"""'hosted""","""'ubuntu-latest""",62
"""'smoke""","""'.github/workflows/dd_smoke.yml""",0.08548013089442821,25274,2110,"""'hosted""","""'ubuntu-latest""",69
"""'smoke""","""'.github/workflows/dd_smoke.yml""",0.08540439383028378,25141,2133,"""'hosted""","""'ubuntu-latest""",67
"""'smoke""","""'.github/workflows/dd_smoke.yml""",0.08867313159920444,25528,1980,"""'hosted""","""'ubuntu-latest""",70
"""'smoke""","""'.github/workflows/dd_smoke.yml""",0.08878174019748712,25525,2147,"""'hosted""","""'ubuntu-latest""",73
"""'smoke""","""'.github/workflows/dd_smoke.yml""",0.08251815280745203,25204,2121,"""'hosted""","""'ubuntu-latest""",67
"""'smoke""","""'.github/workflows/dd_smoke.yml""",0.08556364467549434,24998,2079,"""'hosted""","""'ubuntu-latest""",75
"""'smoke""","""'.github/workflows/dd_smoke.yml""",0.08703553756953777,25928,2188,"""'hosted""","""'ubuntu-latest""",81
"""'smoke""","""'.github/workflows/dd_smoke.yml""",0.1048556722056055,25245,2197,"""'hosted""","""'ubuntu-latest""",73
"""'smoke""","""'.github/workflows/dd_smoke.yml""",0.10313085721581099,24830,2100,"""'hosted""","""'ubuntu-latest""",75
"""'smoke""","""'.github/workflows/dd_smoke.yml""",0.09387388648081874,25225,1965,"""'hosted""","""'ubuntu-latest""",76
"""'smoke""","""'.github/workflows/dd_smoke.yml""",0.09610296664028843,24820,2215,"""'hosted""","""'ubuntu-latest""",71
"""'smoke""","""'.github/workflows/dd_smoke.yml""",0.17425398001405853,29689,2944,"""'hosted""","""'ubuntu-latest""",88
"""'smoke""","""'.github/workflows/dd_smoke.yml""",0.17253846484205126,29860,2959,"""'hosted""","""'ubuntu-latest""",82
"""'smoke""","""'.github/workflows/dd_smoke.yml""",0.18348296549871537,29251,3043,"""'hosted""","""'ubuntu-latest""",89
"""'smoke""","""'.github/workflows/dd_smoke.yml""",0.1808885926067046,29713,2893,"""'hosted""","""'ubuntu-latest""",86
"""'smoke""","""'.github/workflows/dd_smoke.yml""",0.1870071955964639,30175,3159,"""'hosted""","""'ubuntu-latest""",82
"""'smoke""","""'.github/workflows/dd_smoke.yml""",0.180659224792627,29759,2922,"""'hosted""","""'ubuntu-latest""",85
"""'smoke""","""'.github/workflows/dd_smoke.yml""",0.18570069287140029,29549,3047,"""'hosted""","""'ubuntu-latest""",83
"""'smoke""","""'.github/workflows/dd_smoke.yml""",0.19068835443019688,29574,2829,"""'hosted""","""'ubuntu-latest""",84
"""'smoke""","""'.github/workflows/dd_smoke.yml""",0.1917762669426024,29684,2860,"""'hosted""","""'ubuntu-latest""",89
"""'smoke""","""'.github/workflows/dd_smoke.yml""",0.19159792495666164,29824,3021,"""'hosted""","""'ubuntu-latest""",84
"""'smoke""","""'.github/workflows/dd_smoke.yml""",0.18205780911705918,29887,2845,"""'hosted""","""'ubuntu-latest""",93
"""'smoke""","""'.github/workflows/dd_smoke.yml""",0.1917048769054518,30374,2903,"""'hosted""","""'ubuntu-latest""",87
"""'smoke""","""'.github/workflows/dd_smoke.yml""",0.1818767940399155,29673,2832,"""'hosted""","""'ubuntu-latest""",91
"""'smoke""","""'.github/workflows/dd_smoke.yml""",0.18723165600379457,30532,2793,"""'hosted""","""'ubuntu-latest""",100
"""'smoke""","""'.github/workflows/dd_smoke.yml""",0.18202592352508662,30224,2911,"""'hosted""","""'ubuntu-latest""",98
"""'smoke""","""'.github/workflows/dd_smoke.yml""",0.17311806250461026,30494,2794,"""'hosted""","""'ubuntu-latest""",95
"""'smoke""","""'.github/workflows/dd_smoke.yml""",0.17633989456891647,30061,2693,"""'hosted""","""'ubuntu-latest""",92
"""'smoke""","""'.github/workflows/dd_smoke.yml""",0.17775945227956086,30792,2802,"""'hosted""","""'ubuntu-latest""",92
"""'smoke""","""'.github/workflows/dd_smoke.yml""",0.17718697437944828,30736,2944,"""'hosted""","""'ubuntu-latest""",93
"""'smoke""","""'.github/workflows/dd_smoke.yml""",0.17186361225800398,30596,2966,"""'hosted""","""'ubuntu-latest""",92
"""'smoke""","""'.github/workflows/dd_smoke.yml""",0.1789986404151609,29781,2839,"""'hosted""","""'ubuntu-latest""",90
"""'smoke""","""'.github/workflows/dd_smoke.yml""",0.17552698869198127,30396,2929,"""'hosted""","""'ubuntu-latest""",88
"""'smoke""","""'.github/workflows/dd_smoke.yml""",0.1687715104643185,30172,2952,"""'hosted""","""'ubuntu-latest""",86
"""'smoke""","""'.github/workflows/dd_smoke.yml""",0.173805390107002,29468,2969,"""'hosted""","""'ubuntu-latest""",82
"""'smoke""","""'.github/workflows/dd_smoke.yml""",0.1801584022629894,29845,2877,"""'hosted""","""'ubuntu-latest""",84
"""'smoke""","""'.github/workflows/dd_smoke.yml""",0.18114216896607074,29874,2914,"""'hosted""","""'ubuntu-latest""",88
"""'smoke""","""'.github/workflows/dd_smoke.yml""",0.16642855234111356,29859,2876,"""'hosted""","""'ubuntu-latest""",81
"""'smoke""","""'.github/workflows/dd_smoke.yml""",0.16948948192128951,29691,2962,"""'hosted""","""'ubuntu-latest""",85
"""'smoke""","""'.github/workflows/dd_smoke.yml""",0.18335722750291125,29694,2931,"""'hosted""","""'ubuntu-latest""",85
"""'smoke""","""'.github/workflows/dd_smoke.yml""",0.1726294778376342,30043,2824,"""'hosted""","""'ubuntu-latest""",89
"""'smoke""","""'.github/workflows/dd_smoke.yml""",0.17338729433354155,29987,2782,"""'hosted""","""'ubuntu-latest""",89
"""'smoke""","""'.github/workflows/dd_smoke.yml""",0.17964814625468237,28802,2813,"""'hosted""","""'ubuntu-latest""",96
"""'smoke""","""'.github/workflows/dd_smoke.yml""",0.18616849997813092,29631,2736,"""'hosted""","""'ubuntu-latest""",94
"""'smoke""","""'.github/workflows/dd_smoke.yml""",0.18536586898986923,29758,2722,"""'hosted""","""'ubuntu-latest""",90
"""'smoke""","""'.github/workflows/dd_smoke.yml""",0.18417863015274596,29375,2761,"""'hosted""","""'ubuntu-latest""",97
"""'smoke""","""'.github/workflows/dd_smoke.yml""",0.1852891917292218,30028,2815,"""'hosted""","""'ubuntu-latest""",93
"""'smoke""","""'.github/workflows/dd_smoke.yml""",0.185948879840888,30474,2807,"""'hosted""","""'ubuntu-latest""",93
"""'smoke""","""'.github/workflows/dd_smoke.yml""",0.185547670810388,29867,2947,"""'hosted""","""'ubuntu-latest""",95
"""'smoke""","""'.github/workflows/dd_smoke.yml""",0.20135338334006303,30375,3023,"""'hosted""","""'ubuntu-latest""",91
"""'smoke""","""'.github/workflows/dd_smoke.yml""",0.19099812051887932,30063,2860,"""'hosted""","""'ubuntu-latest""",94
"""'smoke""","""'.github/workflows/dd_smoke.yml""",0.19309404930986812,30179,3000,"""'hosted""","""'ubuntu-latest""",88
"""'smoke""","""'.github/workflows/dd_smoke.yml""",0.1849860609141793,30842,2981,"""'hosted""","""'ubuntu-latest""",87
"""'smoke""","""'.github/workflows/dd_smoke.yml""",0.1849480691369945,30230,3014,"""'hosted""","""'ubuntu-latest""",85
"""'smoke""","""'.github/workflows/dd_smoke.yml""",0.1804995965239062,30501,2963,"""'hosted""","""'ubuntu-latest""",84
"""'smoke""","""'.github/workflows/dd_smoke.yml""",0.16882057523358163,29747,2818,"""'hosted""","""'ubuntu-latest""",89
"""'smoke""","""'.github/workflows/dd_smoke.yml""",0.17310995361576065,30794,2799,"""'hosted""","""'ubuntu-latest""",87
"""'smoke""","""'.github/workflows/dd_smoke.yml""",0.16886778969192043,30328,2868,"""'hosted""","""'ubuntu-latest""",90
"""'smoke""","""'.github/workflows/dd_smoke.yml""",0.16468371467948395,29995,2918,"""'hosted""","""'ubuntu-latest""",93
"""'smoke""","""'.github/workflows/dd_smoke.yml""",0.16814535260558475,30123,2636,"""'hosted""","""'ubuntu-latest""",84
"""'smoke""","""'.github/workflows/dd_smoke.yml""",0.1791933301421342,29430,2829,"""'hosted""","""'ubuntu-latest""",89
"""'smoke""","""'.github/workflows/dd_smoke.yml""",0.17111756512363385,30120,2897,"""'hosted""","""'ubuntu-latest""",86
"""'smoke""","""'.github/workflows/dd_smoke.yml""",0.17694225364865435,29595,2801,"""'hosted""","""'ubuntu-latest""",89
"""'smoke""","""'.github/workflows/dd_smoke.yml""",0.17210969393082165,29577,2880,"""'hosted""","""'ubuntu-latest""",91
"""'smoke""","""'.github/workflows/dd_smoke.yml""",0.17396757517489306,29460,2810,"""'hosted""","""'ubuntu-latest""",91
"""'smoke""","""'.github/workflows/dd_smoke.yml""",0.16598494986052562,29427,2890,"""'hosted""","""'ubuntu-latest""",92
"""'smoke""","""'.github/workflows/dd_smoke.yml""",0.17395950073311897,29828,2805,"""'hosted""","""'ubuntu-latest""",95
"""'smoke""","""'.github/workflows/dd_smoke.yml""",0.1762121229155978,29739,2777,"""'hosted""","""'ubuntu-latest""",91
"""'smoke""","""'.github/workflows/dd_smoke.yml""",0.1712389110159068,29922,3062,"""'hosted""","""'ubuntu-latest""",97
"""'smoke""","""'.github/workflows/dd_smoke.yml""",0.17873033542232283,29805,2920,"""'hosted""","""'ubuntu-latest""",90
"""'smoke""","""'.github/workflows/dd_smoke.yml""",0.18075182188469655,30054,2962,"""'hosted""","""'ubuntu-latest""",100
"""'smoke""","""'.github/workflows/dd_smoke.yml""",0.17725223689434957,29874,2876,"""'hosted""","""'ubuntu-latest""",89
"""'smoke""","""'.github/workflows/dd_smoke.yml""",0.1764652747468226,30768,2851,"""'hosted""","""'ubuntu-latest""",89
"""'smoke""","""'.github/workflows/dd_smoke.yml""",0.17814672477126664,29722,2920,"""'hosted""","""'ubuntu-latest""",83
"""'smoke""","""'.github/workflows/dd_smoke.yml""",0.18631038023253207,30652,2842,"""'hosted""","""'ubuntu-latest""",91
"""'smoke""","""'.github/workflows/dd_smoke.yml""",0.1890664975987205,30748,2896,"""'hosted""","""'ubuntu-latest""",89
"""'smoke""","""'.github/workflows/dd_smoke.yml""",0.1846976248855548,30125,2872,"""'hosted""","""'ubuntu-latest""",86
"""'smoke""","""'.github/workflows/dd_smoke.yml""",0.18964349186958201,31068,2839,"""'hosted""","""'ubuntu-latest""",81
"""'smoke""","""'.github/workflows/dd_smoke.yml""",0.19279790413437514,30692,2821,"""'hosted""","""'ubuntu-latest""",87
"""'smoke""","""'.github/workflows/dd_smoke.yml""",0.19303617252700922,30653,2928,"""'hosted""","""'ubuntu-latest""",84
"""'smoke""","""'.github/workflows/dd_smoke.yml""",0.19726996576356398,30317,2728,"""'hosted""","""'ubuntu-latest""",93
"""'smoke""","""'.github/workflows/dd_smoke.yml""",0.19504515819883464,30170,2831,"""'hosted""","""'ubuntu-latest""",92
"""'smoke""","""'.github/workflows/dd_smoke.yml""",0.18242499109099125,30084,2956,"""'hosted""","""'ubuntu-latest""",92
"""'smoke""","""'.github/workflows/dd_smoke.yml""",0.19429578357061486,30167,3001,"""'hosted""","""'ubuntu-latest""",86
"""'smoke""","""'.github/workflows/dd_smoke.yml""",0.18141248390797943,30370,2820,"""'hosted""","""'ubuntu-latest""",91
"""'smoke""","""'.github/workflows/dd_smoke.yml""",0.1873034809704498,29907,2939,"""'hosted""","""'ubuntu-latest""",97
"""'smoke""","""'.github/workflows/dd_smoke.yml""",0.18033993313025548,29491,3095,"""'hosted""","""'ubuntu-latest""",99
"""'smoke""","""'.github/workflows/dd_smoke.yml""",0.17586013619953753,29939,3039,"""'hosted""","""'ubuntu-latest""",98
"""'smoke""","""'.github/workflows/dd_smoke.yml""",0.1668941492703673,29914,3014,"""'hosted""","""'ubuntu-latest""",89
"""'smoke""","""'.github/workflows/dd_smoke.yml""",0.17326432492599353,29803,2969,"""'hosted""","""'ubuntu-latest""",94
"""'smoke""","""'.github/workflows/dd_smoke.yml""",0.164771635568698,29824,2934,"""'hosted""","""'ubuntu-latest""",95
"""'smoke""","""'.github/workflows/dd_smoke.yml""",0.17617624214136948,29538,2957,"""'hosted""","""'ubuntu-latest""",85
"""'smoke""","""'.github/workflows/dd_smoke.yml""",0.17807339812274472,29384,2880,"""'hosted""","""'ubuntu-latest""",88
"""'smoke""","""'.github/workflows/dd_smoke.yml""",0.16607022609983382,29466,2862,"""'hosted""","""'ubuntu-latest""",88
"""'smoke""","""'.github/workflows/dd_smoke.yml""",0.17156463475891362,29317,2842,"""'hosted""","""'ubuntu-latest""",85
"""'smoke""","""'.github/workflows/dd_smoke.yml""",0.16686247722700862,29972,2759,"""'hosted""","""'ubuntu-latest""",80
"""'smoke""","""'.github/workflows/dd_smoke.yml""",0.1681973223114716,29975,2844,"""'hosted""","""'ubuntu-latest""",84
"""'smoke""","""'.github/workflows/dd_smoke.yml""",0.17644102526455285,29967,3035,"""'hosted""","""'ubuntu-latest""",84
"""'smoke""","""'.github/workflows/dd_smoke.yml""",0.1739294561678582,29306,2671,"""'hosted""","""'ubuntu-latest""",86
"""'smoke""","""'.github/workflows/dd_smoke.yml""",0.18463087377889711,29900,2862,"""'hosted""","""'ubuntu-latest""",85
"""'smoke""","""'.github/workflows/dd_smoke.yml""",0.17550972069830778,30674,2805,"""'hosted""","""'ubuntu-latest""",87
